{
  "script": "PAOLOBET_HYBRID_V5_1",
  "config": {
    "numSeeds": 1,
    "gamesPerSeed": 100000,
    "startingBalance": 10000000000,
    "baseHash": "868e434ed3076c8e2b48c16127ae07da1cb1a20d2c8730e15f11dffd47b72b28"
  },
  "summary": {
    "avgProfit": -0.01471775,
    "medianProfit": -0.01471775,
    "stdDev": 0,
    "sharpeRatio": 0,
    "winRate": 0,
    "targetRate": 0,
    "minProfit": -0.01471775,
    "maxProfit": -0.01471775,
    "avgBets": 78988,
    "avgGames": 100000,
    "betEfficiency": 79
  },
  "results": [
    {
      "seed": 0,
      "profit": -1471775,
      "profitPercent": -0.01471775,
      "bets": 78988,
      "gamesPlayed": 100000,
      "winStreak": 9,
      "loseStreak": 34,
      "balanceATH": 10000283225,
      "balanceATL": 9998019750,
      "profitATH": 283225,
      "profitATL": -1980250,
      "finalBalance": 9998528225
    }
  ]
}